Player_ID,Player_rating_Elo,n_games
random,963.6698653476085,546
NA_ifelse,1016.5310077216682,672
NA_RL,1173.3824636340407,633
NA_ifelse,1200.170952396459,800
PhongMinhAnh,1238.9441768270071,725
M_Anh,1327.6344733133799,732
Hieu,1332.3279673719414,766
Phongcu,1347.33909338789,726
