Player_ID,Player_rating_Elo,n_games
random,1047.9218405300458,129
NA_ifelse,1090.7174247330843,170
NA_RL,1185.5767427670542,172
PhongMinhAnh,1224.2726935141197,169
M_Anh,1237.594682751433,184
Phongcu,1238.0828358601145,184
NA_ifelse,1238.1064742174085,200
Hieu,1337.7273056267381,192
