Player_ID,Player_rating_Elo,n_games
random,1005.2207376023624,135
NA_ifelse,1066.7363686304857,164
NA_RL,1180.1268925104682,159
NA_ifelse,1202.8664196909651,200
PhongMinhAnh,1256.326388481268,188
Hieu,1289.2390181950984,190
M_Anh,1298.3307159503202,185
Phongcu,1301.1534589390294,179
